{
  "uuid": "ad5cd0c1-262c-33d3-8554-25ff2808c9c3",
  "starterPrompted": true,
  "starterLocked": false,
  "starterSelected": true,
  "starterUUID": "9fd6d339-64dd-4102-b7b8-260be21a7be5",
  "keyItems": [],
  "battleTheme": "cobblemon:battle.pvp.default",
  "extraData": {},
  "advancementData": {
    "totalCaptureCount": 12,
    "totalEggsHatched": 0,
    "totalEvolvedCount": 4,
    "totalBattleVictoryCount": 7,
    "totalPvPBattleVictoryCount": 0,
    "totalPvWBattleVictoryCount": 7,
    "totalPvNBattleVictoryCount": 0,
    "totalShinyCaptureCount": 0,
    "totalTradedCount": 0,
    "totalTypeCaptureCounts": {
      "fighting": 1,
      "electric": 1,
      "normal": 6,
      "grass": 1,
      "rock": 1,
      "ground": 1,
      "steel": 1,
      "psychic": 1,
      "poison": 2,
      "flying": 3,
      "bug": 1,
      "fairy": 1
    },
    "totalDefeatedCounts": {
      "cobblemon:combee": 1,
      "cobblemon:zigzagoon": 1,
      "cobblemon:butterfree": 1,
      "cobblemon:nuzleaf": 1
    },
    "aspectsCollected": {}
  }
}