{
  "uuid": "e9ca9d8c-de26-3350-a580-54a77941a919",
  "starterPrompted": true,
  "starterLocked": false,
  "starterSelected": true,
  "starterUUID": "545cb3c5-62a5-454e-a09d-a186e90dfd1f",
  "keyItems": [],
  "battleTheme": "cobblemon:battle.pvp.default",
  "extraData": {},
  "advancementData": {
    "totalCaptureCount": 0,
    "totalEggsHatched": 0,
    "totalEvolvedCount": 0,
    "totalBattleVictoryCount": 9,
    "totalPvPBattleVictoryCount": 0,
    "totalPvWBattleVictoryCount": 9,
    "totalPvNBattleVictoryCount": 0,
    "totalShinyCaptureCount": 0,
    "totalTradedCount": 0,
    "totalTypeCaptureCounts": {},
    "totalDefeatedCounts": {
      "cobblemon:rookidee": 1,
      "cobblemon:mankey": 1,
      "cobblemon:gastly": 2,
      "cobblemon:rattata": 1,
      "cobblemon:zubat": 2,
      "cobblemon:joltik": 1
    },
    "aspectsCollected": {}
  }
}