{"stats":{"minecraft:killed_by":{"cobblemon:pokemon":2},"minecraft:picked_up":{"terraqueous:pineapple":1,"minecraft:crafting_table":1,"minecraft:bone":1,"minecraft:jungle_log":1,"cobblemon:black_apricorn":4,"cobblemon:oran_berry":9,"minecraft:bone_meal":4,"minecraft:melon_slice":7},"minecraft:crafted":{"minecraft:crafting_table":1,"minecraft:jungle_planks":4},"minecraft:custom":{"minecraft:time_since_rest":3714,"minecraft:damage_taken":571,"minecraft:crouch_one_cm":295,"minecraft:play_time":18497,"minecraft:sprint_one_cm":32569,"minecraft:walk_one_cm":23355,"minecraft:deaths":2,"minecraft:sneak_time":112,"minecraft:walk_under_water_one_cm":491,"minecraft:jump":155,"minecraft:damage_dealt":18,"minecraft:leave_game":6,"minecraft:time_since_death":6113,"minecraft:walk_on_water_one_cm":2134,"minecraft:total_world_time":18497,"minecraft:climb_one_cm":1839,"minecraft:swim_one_cm":2187,"minecraft:interact_with_crafting_table":2,"minecraft:fall_one_cm":4584,"minecraft:fly_one_cm":26361},"minecraft:mined":{"minecraft:grass":1,"terraqueous:pineapple":1,"minecraft:melon":2,"minecraft:jungle_log":1,"terraqueous:doodad_bone":2,"minecraft:oak_leaves":3,"minecraft:crafting_table":1},"minecraft:used":{"minecraft:crafting_table":1}},"DataVersion":3465}