{"stats":{"minecraft:killed_by":{"cobblemon:pokemon":2,"minecraft:creeper":1,"minecraft:spider":1,"minecraft:skeleton":2,"minecraft:zombie":1},"minecraft:dropped":{"minecraft:wheat_seeds":16,"minecraft:dripstone_block":27,"cobblemon:vivichoke_seeds":4,"cobblemon:leftovers":1,"minecraft:dirt":7,"minecraft:flowering_azalea":3,"minecraft:bone":6,"minecraft:pink_tulip":4,"minecraft:stone_axe":1,"minecraft:rotten_flesh":2,"minecraft:oak_planks":4,"mca:rose_gold_dust":2,"minecraft:wooden_pickaxe":2},"minecraft:picked_up":{"minecraft:crafting_table":5,"minecraft:wheat":33,"minecraft:allium":6,"cobblemon:yellow_apricorn":9,"cobblemon:red_apricorn":8,"minecraft:stone_slab":6,"minecraft:wooden_pickaxe":3,"cobblemon:wepear_berry":30,"minecraft:cornflower":2,"minecraft:string":1,"minecraft:raw_copper":32,"minecraft:item_frame":2,"minecraft:bucket":1,"minecraft:white_tulip":2,"minecraft:azalea":1,"cobblemon:leftovers":1,"minecraft:spruce_trapdoor":2,"minecraft:egg":1,"minecraft:raw_iron":27,"terraqueous:ender_dust":1,"minecraft:torch":64,"terraqueous:amethyst_dust":2,"tombstone:grave_dust":1,"minecraft:pointed_dripstone":2,"cobblemon:vivichoke_seeds":6,"minecraft:arrow":1,"minecraft:pink_tulip":7,"minecraft:saddle":1,"minecraft:cobblestone":364,"minecraft:white_wool":14,"cobblemon:blue_apricorn":57,"minecraft:feather":1,"minecraft:leather":9,"cobblemon:slate_ball":2,"minecraft:oak_log":33,"terraqueous:mulberry":1,"minecraft:dirt":25,"minecraft:name_tag":1,"minecraft:bone":4,"minecraft:stone_bricks":4,"minecraft:wheat_seeds":90,"cobblemon:black_apricorn":19,"minecraft:iron_ingot":2,"minecraft:stone_pickaxe":1,"minecraft:flowering_azalea":3,"minecraft:oak_planks":12,"cobblemon:chilan_berry":15,"cobblemon:sun_stone":1,"cobblemon:azure_ball":15,"cobblemon:black_apricorn_seed":1,"minecraft:dandelion":3,"cobblemon:shiny_stone":1,"cobblemon:blue_apricorn_seed":6,"minecraft:dripstone_block":28,"cobblemon:cheri_berry":30,"minecraft:sand":72,"mca:rose_gold_dust":2,"cobblemon:poke_ball":1,"minecraft:stone_axe":1,"minecraft:emerald":3,"minecraft:coal":252,"valhelsia_structures:unlit_lantern":1},"minecraft:crafted":{"minecraft:oak_planks":124,"minecraft:fishing_rod":1,"cobblemon:slate_ball":12,"minecraft:bone_meal":42,"minecraft:iron_boots":1,"minecraft:stone_pickaxe":4,"minecraft:chest":4,"magistuarmory:woolen_fabric":9,"cobblemon:azure_ball":48,"cobblemon:citrine_ball":4,"minecraft:crafting_table":2,"minecraft:iron_helmet":1,"minecraft:wooden_pickaxe":1,"minecraft:iron_sword":1,"minecraft:stone_axe":1,"minecraft:bread":11,"minecraft:air":0,"cobblemon:poke_ball":4,"minecraft:iron_chestplate":1,"minecraft:shield":1,"minecraft:stick":52,"minecraft:iron_ingot":36,"minecraft:iron_pickaxe":3,"minecraft:stone_sword":1,"minecraft:iron_shovel":1,"minecraft:iron_leggings":1,"minecraft:white_bed":1,"minecraft:torch":108,"minecraft:shears":1},"minecraft:custom":{"minecraft:mob_kills":9,"minecraft:interact_with_crafting_table":38,"minecraft:bell_ring":19,"minecraft:leave_game":5,"minecraft:time_since_death":54937,"minecraft:climb_one_cm":7700,"minecraft:sprint_one_cm":418963,"minecraft:walk_one_cm":868417,"minecraft:drop":22,"minecraft:play_time":184504,"minecraft:deaths":7,"minecraft:sneak_time":1945,"minecraft:walk_under_water_one_cm":9086,"minecraft:jump":2018,"minecraft:walk_on_water_one_cm":20820,"minecraft:total_world_time":184504,"minecraft:interact_with_furnace":13,"minecraft:sleep_in_bed":8,"minecraft:time_since_rest":7792,"minecraft:damage_taken":2916,"minecraft:damage_dealt":1748,"minecraft:swim_one_cm":18715,"minecraft:fly_one_cm":250442,"minecraft:open_chest":80,"minecraft:crouch_one_cm":3954,"tombstone:undead_killed":5,"minecraft:fall_one_cm":47235,"minecraft:horse_one_cm":1791},"minecraft:killed":{"minecraft:spider":2,"minecraft:skeleton":2,"cobblemon:pokemon":1,"minecraft:creeper":1,"minecraft:zombie":3},"minecraft:mined":{"cobblemon:shiny_stone_ore":1,"minecraft:glow_lichen":1,"minecraft:grass_block":17,"minecraft:iron_ore":27,"minecraft:pointed_dripstone":2,"minecraft:azalea_leaves":1,"minecraft:stone":382,"minecraft:tripwire":1,"valhelsia_structures:unlit_lantern":1,"cobblemon:apricorn_leaves":1,"minecraft:crafting_table":5,"minecraft:cornflower":2,"minecraft:torch":3,"minecraft:stone_slab":6,"minecraft:tall_grass":1,"minecraft:copper_ore":9,"minecraft:wall_torch":5,"minecraft:wheat":34,"minecraft:birch_leaves":1,"minecraft:grass":14,"minecraft:coal_ore":254,"minecraft:oak_log":34,"minecraft:dirt":2,"minecraft:dripstone_block":28,"minecraft:sand":75,"cobblemon:sun_stone_ore":1,"minecraft:stone_bricks":4},"minecraft:broken":{"minecraft:stone_pickaxe":4},"minecraft:used":{"valhelsia_structures:unlit_lantern":1,"minecraft:stone_sword":34,"minecraft:iron_shovel":76,"minecraft:chest":4,"minecraft:iron_sword":9,"minecraft:rotten_flesh":2,"minecraft:torch":25,"minecraft:dirt":7,"tombstone:gift":2,"minecraft:pointed_dripstone":1,"minecraft:wheat_seeds":31,"minecraft:pink_tulip":2,"minecraft:stone_pickaxe":554,"minecraft:wooden_pickaxe":77,"terraqueous:mulberry":1,"minecraft:crafting_table":7,"minecraft:white_bed":1,"minecraft:oak_log":2,"minecraft:apple":12,"minecraft:bread":19,"minecraft:string":1,"minecraft:iron_pickaxe":112,"minecraft:stone_slab":6,"minecraft:spruce_trapdoor":2,"minecraft:stone_axe":26,"minecraft:fishing_rod":4,"minecraft:cobblestone":6,"minecraft:bone_meal":35,"cobblemon:blue_apricorn_seed":3}},"DataVersion":3465}