{"stats":{"minecraft:dropped":{"minecraft:dripstone_block":27,"minecraft:oak_planks":4,"cobblemon:vivichoke_seeds":4,"minecraft:dirt":7,"mca:rose_gold_dust":2,"minecraft:flowering_azalea":3,"minecraft:wooden_pickaxe":2,"minecraft:bone":6},"minecraft:killed_by":{"cobblemon:pokemon":2,"minecraft:skeleton":1,"minecraft:spider":1,"minecraft:zombie":1},"minecraft:picked_up":{"minecraft:crafting_table":2,"minecraft:stone_slab":6,"minecraft:wooden_pickaxe":3,"minecraft:oak_log":33,"terraqueous:mulberry":1,"cobblemon:wepear_berry":30,"minecraft:dirt":14,"minecraft:name_tag":1,"minecraft:bone":4,"minecraft:wheat_seeds":5,"minecraft:bucket":1,"minecraft:stone_pickaxe":1,"minecraft:white_tulip":2,"minecraft:azalea":1,"minecraft:oak_planks":12,"minecraft:flowering_azalea":3,"cobblemon:chilan_berry":15,"minecraft:raw_iron":12,"terraqueous:ender_dust":1,"minecraft:torch":5,"cobblemon:shiny_stone":1,"minecraft:dripstone_block":27,"terraqueous:amethyst_dust":2,"minecraft:pointed_dripstone":2,"tombstone:grave_dust":1,"cobblemon:vivichoke_seeds":6,"mca:rose_gold_dust":2,"minecraft:arrow":1,"minecraft:pink_tulip":3,"minecraft:saddle":1,"minecraft:emerald":3,"minecraft:coal":186,"minecraft:cobblestone":313},"minecraft:crafted":{"minecraft:oak_planks":124,"minecraft:fishing_rod":1,"minecraft:crafting_table":2,"minecraft:iron_helmet":1,"minecraft:wooden_pickaxe":1,"minecraft:stone_axe":1,"minecraft:air":0,"minecraft:iron_chestplate":1,"minecraft:stick":32,"minecraft:iron_ingot":17,"minecraft:stone_pickaxe":4,"minecraft:iron_leggings":1,"minecraft:stone_sword":1,"minecraft:chest":4,"minecraft:torch":44},"minecraft:custom":{"minecraft:interact_with_furnace":8,"minecraft:mob_kills":8,"minecraft:interact_with_crafting_table":13,"minecraft:bell_ring":19,"minecraft:leave_game":2,"minecraft:time_since_death":33689,"minecraft:sleep_in_bed":2,"minecraft:climb_one_cm":6174,"minecraft:time_since_rest":33257,"minecraft:sprint_one_cm":180583,"minecraft:damage_taken":1745,"minecraft:walk_one_cm":331029,"minecraft:drop":16,"minecraft:damage_dealt":1368,"minecraft:fly_one_cm":114661,"minecraft:open_chest":50,"minecraft:crouch_one_cm":1034,"minecraft:play_time":87136,"tombstone:undead_killed":4,"minecraft:deaths":5,"minecraft:sneak_time":600,"minecraft:walk_under_water_one_cm":4215,"minecraft:jump":853,"minecraft:walk_on_water_one_cm":11101,"minecraft:total_world_time":87136,"minecraft:fall_one_cm":22269,"minecraft:horse_one_cm":1791},"minecraft:killed":{"cobblemon:pokemon":1,"minecraft:spider":2,"minecraft:creeper":1,"minecraft:skeleton":1,"minecraft:zombie":3},"minecraft:mined":{"cobblemon:shiny_stone_ore":1,"minecraft:crafting_table":2,"minecraft:glow_lichen":1,"minecraft:torch":2,"minecraft:grass_block":6,"minecraft:stone_slab":6,"minecraft:tall_grass":1,"minecraft:wall_torch":4,"minecraft:iron_ore":12,"minecraft:grass":13,"minecraft:pointed_dripstone":2,"minecraft:coal_ore":187,"minecraft:oak_log":34,"minecraft:dripstone_block":27,"minecraft:dirt":1,"minecraft:azalea_leaves":1,"minecraft:stone":332},"minecraft:broken":{"minecraft:stone_pickaxe":4},"minecraft:used":{"minecraft:pink_tulip":2,"minecraft:stone_sword":34,"minecraft:stone_pickaxe":514,"minecraft:chest":4,"minecraft:wooden_pickaxe":77,"minecraft:rotten_flesh":2,"minecraft:torch":11,"minecraft:dirt":7,"terraqueous:mulberry":1,"minecraft:crafting_table":2,"minecraft:oak_log":2,"minecraft:bread":9,"minecraft:stone_slab":6,"minecraft:stone_axe":26,"minecraft:fishing_rod":4,"minecraft:cobblestone":4,"tombstone:gift":2,"minecraft:pointed_dripstone":1}},"DataVersion":3465}