{"stats":{"minecraft:killed_by":{"cobblemon:pokemon":2},"minecraft:picked_up":{"terraqueous:pineapple":1,"minecraft:crafting_table":1,"minecraft:bone":1,"minecraft:jungle_log":1,"cobblemon:black_apricorn":4,"cobblemon:oran_berry":9,"minecraft:bone_meal":4,"minecraft:melon_slice":7},"minecraft:crafted":{"minecraft:crafting_table":1,"minecraft:jungle_planks":4},"minecraft:custom":{"minecraft:open_barrel":3,"minecraft:open_chest":10,"minecraft:time_since_rest":13012,"minecraft:damage_taken":571,"minecraft:crouch_one_cm":378,"minecraft:play_time":27795,"minecraft:sprint_one_cm":40910,"minecraft:walk_one_cm":34297,"minecraft:deaths":2,"minecraft:sneak_time":1102,"minecraft:walk_under_water_one_cm":739,"minecraft:jump":181,"minecraft:damage_dealt":18,"minecraft:leave_game":8,"minecraft:time_since_death":15411,"minecraft:walk_on_water_one_cm":3349,"minecraft:total_world_time":27795,"minecraft:climb_one_cm":1886,"minecraft:swim_one_cm":2187,"minecraft:interact_with_crafting_table":2,"minecraft:fall_one_cm":4584,"minecraft:fly_one_cm":273667},"minecraft:mined":{"minecraft:grass":1,"terraqueous:pineapple":1,"minecraft:melon":2,"minecraft:jungle_log":1,"terraqueous:doodad_bone":2,"minecraft:oak_leaves":3,"minecraft:crafting_table":1},"minecraft:used":{"minecraft:crafting_table":1}},"DataVersion":3465}