{"stats":{"minecraft:dropped":{"irons_spellbooks:cultist_helmet":1,"minecraft:enchanted_golden_apple":64,"irons_spellbooks:cultist_boots":1,"irons_spellbooks:blood_staff":1,"irons_spellbooks:cultist_chestplate":1,"healing:bandage":16,"healing:super_health_elixir":79,"irons_spellbooks:scroll":3,"irons_spellbooks:cultist_leggings":1,"paraglider:heart_container":44,"simplyswords:emberblade":1},"minecraft:killed_by":{"cobblemon:pokemon":2},"minecraft:picked_up":{"irons_spellbooks:scroll":2,"minecraft:crafting_table":1,"minecraft:feather":3,"minecraft:chicken":1,"minecraft:jungle_log":1,"healing:super_health_elixir":28,"minecraft:dirt":2,"terraqueous:pineapple":1,"minecraft:bone":1,"cobblemon:black_apricorn":4,"minecraft:wheat_seeds":2,"cobblemon:oran_berry":9,"minecraft:rabbit":1,"minecraft:melon_slice":7,"minecraft:stick":4,"minecraft:lava_bucket":1,"tombstone:grave_dust":1,"minecraft:spider_eye":1,"minecraft:rotten_flesh":1,"minecraft:bone_meal":4,"minecraft:bread":1,"mca:scythe":1},"minecraft:crafted":{"minecraft:crafting_table":1,"minecraft:jungle_planks":4},"minecraft:custom":{"minecraft:mob_kills":30,"minecraft:interact_with_crafting_table":2,"minecraft:open_barrel":4,"minecraft:eat_cake_slice":2,"minecraft:leave_game":12,"minecraft:time_since_death":111341,"minecraft:sleep_in_bed":1,"minecraft:climb_one_cm":3082,"minecraft:damage_resisted":1317,"minecraft:time_since_rest":81922,"minecraft:waystone_activated":1,"minecraft:sprint_one_cm":214590,"minecraft:walk_one_cm":452529,"minecraft:damage_taken":7904,"minecraft:damage_absorbed":1976,"minecraft:drop":16,"minecraft:damage_dealt":8523,"minecraft:swim_one_cm":2513,"minecraft:fly_one_cm":581970,"minecraft:player_kills":3,"minecraft:open_chest":21,"minecraft:crouch_one_cm":701,"minecraft:play_time":123725,"minecraft:deaths":2,"tombstone:undead_killed":25,"minecraft:sneak_time":1451,"minecraft:walk_under_water_one_cm":2089,"minecraft:jump":1070,"minecraft:walk_on_water_one_cm":6961,"minecraft:total_world_time":123725,"minecraft:fall_one_cm":16382},"minecraft:killed":{"minecraft:zombified_piglin":1,"cobblemon:pokemon":1,"minecraft:spider":1,"minecraft:skeleton":8,"minecraft:zombie":15,"mca:grim_reaper":1,"minecraft:player":3,"minecraft:cow":1},"minecraft:mined":{"minecraft:crafting_table":1,"minecraft:melon":2,"minecraft:jungle_log":1,"minecraft:tall_grass":1,"terraqueous:doodad_bone":2,"minecraft:grass":9,"terraqueous:pineapple":1,"minecraft:oak_leaves":3},"minecraft:used":{"mca:grim_reaper_spawn_egg":2,"minecraft:crafting_table":1,"minecraft:red_bed":2,"mca:scythe":2,"simplyswords:awakened_lichblade":13,"simplyswords:watching_warglaive":21,"simplyswords:netherite_katana":29,"minecraft:bread":3,"simplyswords:whisperwind":14,"simplyswords:netherite_scythe":1,"tombstone:gift":2,"simplyswords:ribboncleaver":63,"minecraft:enchanted_golden_apple":20,"mca:staff_of_life":1}},"DataVersion":3465}