{"stats":{"minecraft:picked_up":{"terraqueous:pineapple":1,"minecraft:bone":1,"minecraft:jungle_log":1,"cobblemon:black_apricorn":4,"cobblemon:oran_berry":9,"minecraft:bone_meal":4},"minecraft:crafted":{"minecraft:crafting_table":1,"minecraft:jungle_planks":4},"minecraft:custom":{"minecraft:time_since_rest":5454,"minecraft:crouch_one_cm":91,"minecraft:play_time":5454,"minecraft:sprint_one_cm":19693,"minecraft:damage_taken":161,"minecraft:walk_one_cm":15854,"minecraft:sneak_time":17,"minecraft:walk_under_water_one_cm":491,"minecraft:jump":105,"minecraft:time_since_death":5454,"minecraft:walk_on_water_one_cm":756,"minecraft:total_world_time":5454,"minecraft:climb_one_cm":1410,"minecraft:swim_one_cm":2187,"minecraft:interact_with_crafting_table":1,"minecraft:fall_one_cm":3690,"minecraft:fly_one_cm":13378},"minecraft:mined":{"terraqueous:pineapple":1,"minecraft:jungle_log":1,"terraqueous:doodad_bone":2,"minecraft:oak_leaves":3},"minecraft:used":{"minecraft:crafting_table":1}},"DataVersion":3465}