{"stats":{"minecraft:killed_by":{"cobblemon:pokemon":2},"minecraft:dropped":{"healing:bandage":16,"healing:super_health_elixir":79,"irons_spellbooks:scroll":3,"irons_spellbooks:cultist_leggings":1,"irons_spellbooks:cultist_helmet":1,"paraglider:heart_container":44,"simplyswords:emberblade":1,"minecraft:enchanted_golden_apple":64,"irons_spellbooks:cultist_boots":1,"irons_spellbooks:blood_staff":1,"irons_spellbooks:cultist_chestplate":1},"minecraft:picked_up":{"minecraft:crafting_table":1,"minecraft:stick":4,"minecraft:feather":3,"minecraft:chicken":1,"minecraft:jungle_log":1,"healing:super_health_elixir":28,"minecraft:lava_bucket":1,"tombstone:grave_dust":1,"minecraft:spider_eye":1,"minecraft:dirt":2,"terraqueous:pineapple":1,"minecraft:bone":1,"minecraft:rotten_flesh":1,"minecraft:wheat_seeds":2,"cobblemon:black_apricorn":4,"cobblemon:oran_berry":9,"minecraft:bone_meal":4,"minecraft:rabbit":1,"minecraft:melon_slice":7,"mca:scythe":1,"irons_spellbooks:scroll":2},"minecraft:crafted":{"minecraft:crafting_table":1,"minecraft:jungle_planks":4},"minecraft:custom":{"minecraft:time_since_rest":78881,"minecraft:waystone_activated":1,"minecraft:damage_absorbed":1976,"minecraft:sprint_one_cm":213923,"minecraft:damage_taken":7904,"minecraft:walk_one_cm":444171,"minecraft:mob_kills":30,"minecraft:drop":16,"minecraft:damage_dealt":8523,"minecraft:interact_with_crafting_table":2,"minecraft:player_kills":3,"minecraft:swim_one_cm":2513,"minecraft:fly_one_cm":580106,"minecraft:open_barrel":4,"minecraft:open_chest":21,"minecraft:play_time":120684,"minecraft:crouch_one_cm":701,"tombstone:undead_killed":25,"minecraft:deaths":2,"minecraft:sneak_time":1451,"minecraft:walk_under_water_one_cm":2089,"minecraft:jump":1053,"minecraft:eat_cake_slice":2,"minecraft:leave_game":11,"minecraft:time_since_death":108300,"minecraft:walk_on_water_one_cm":6961,"minecraft:sleep_in_bed":1,"minecraft:total_world_time":120684,"minecraft:climb_one_cm":3082,"minecraft:damage_resisted":1317,"minecraft:fall_one_cm":16382},"minecraft:killed":{"minecraft:skeleton":8,"minecraft:zombie":15,"minecraft:zombified_piglin":1,"cobblemon:pokemon":1,"minecraft:spider":1,"mca:grim_reaper":1,"minecraft:player":3,"minecraft:cow":1},"minecraft:mined":{"terraqueous:doodad_bone":2,"minecraft:crafting_table":1,"minecraft:grass":9,"terraqueous:pineapple":1,"minecraft:melon":2,"minecraft:jungle_log":1,"minecraft:tall_grass":1,"minecraft:oak_leaves":3},"minecraft:used":{"simplyswords:awakened_lichblade":13,"mca:grim_reaper_spawn_egg":2,"simplyswords:netherite_katana":29,"minecraft:bread":3,"simplyswords:whisperwind":14,"simplyswords:netherite_scythe":1,"minecraft:crafting_table":1,"minecraft:red_bed":2,"tombstone:gift":2,"simplyswords:watching_warglaive":21,"simplyswords:ribboncleaver":63,"minecraft:enchanted_golden_apple":20,"mca:scythe":2}},"DataVersion":3465}