{"stats":{"minecraft:killed_by":{"minecraft:spider":1,"irons_spellbooks:necromancer":1},"minecraft:dropped":{"minecraft:water_bucket":1,"minecraft:moss_block":1,"minecraft:crafting_table":2,"minecraft:prismarine_shard":1,"minecraft:cobblestone":21,"minecraft:leather":9,"minecraft:saddle":1,"terraqueous:gravel_lump":1,"paraglider:spirit_orb":2,"minecraft:stick":36,"minecraft:cobblestone_stairs":1,"terraqueous:ender_dust":1,"minecraft:dirt":7,"minecraft:mossy_cobblestone_slab":1,"minecraft:cornflower":2,"tombstone:grave_dust":1,"minecraft:flowering_azalea":1,"minecraft:iron_pickaxe":1,"minecraft:bucket":1,"terraqueous:amethyst_dust":2,"minecraft:pink_tulip":4,"minecraft:stone_axe":1,"minecraft:stone_sword":1,"minecraft:wheat":1,"minecraft:rotten_flesh":1,"minecraft:name_tag":1,"minecraft:azure_bluet":2,"minecraft:cobblestone_slab":1,"mca:rose_gold_dust":3,"terraqueous:emerald_dust":2,"minecraft:wooden_pickaxe":1,"minecraft:stone_pickaxe":5},"minecraft:picked_up":{"minecraft:crafting_table":3,"minecraft:wheat":8,"minecraft:azure_bluet":2,"minecraft:prismarine_shard":1,"cobblemon:red_apricorn":7,"minecraft:cornflower":3,"minecraft:raw_copper":22,"minecraft:item_frame":1,"terraqueous:coal_dust":4,"minecraft:spruce_planks":6,"minecraft:white_tulip":3,"minecraft:cobblestone_slab":1,"cobblemon:big_root":7,"minecraft:iron_pickaxe":1,"terraqueous:gold_dust":1,"minecraft:raw_iron":22,"minecraft:stick":37,"minecraft:copper_ingot":22,"terraqueous:ender_dust":2,"minecraft:torch":9,"terraqueous:amethyst_dust":5,"tombstone:grave_dust":1,"minecraft:redstone":2,"minecraft:stone_sword":1,"terraqueous:emerald_dust":5,"terraqueous:copper_dust":3,"minecraft:hay_block":11,"minecraft:pink_tulip":4,"terraqueous:gravel_lump":2,"minecraft:gold_ingot":2,"minecraft:cobblestone":62,"minecraft:mossy_cobblestone_slab":1,"minecraft:water_bucket":1,"paraglider:spirit_orb":2,"minecraft:cobblestone_stairs":1,"minecraft:dirt":7,"minecraft:bone":5,"minecraft:stone_pickaxe":4,"minecraft:iron_ingot":7,"minecraft:glowstone_dust":3,"cobblemon:moon_stone":2,"minecraft:moss_block":1,"minecraft:flowering_azalea":1,"minecraft:iron_sword":1,"cobblemon:red_apricorn_seed":1,"cobblemon:cheri_berry":29,"minecraft:spruce_sapling":1,"minecraft:spruce_log":8,"mca:rose_gold_dust":4,"minecraft:spider_eye":1,"minecraft:mossy_cobblestone":4,"minecraft:bundle":1,"minecraft:stone_axe":1,"minecraft:emerald":1,"terraqueous:diamond_dust":5,"minecraft:coal":67,"valhelsia_structures:unlit_lantern":1,"cobblemon:energy_root":2},"minecraft:crafted":{"minecraft:furnace":2,"minecraft:iron_axe":1,"minecraft:stone_pickaxe":2,"minecraft:wheat":91,"minecraft:crafting_table":2,"minecraft:spruce_planks":32,"minecraft:wooden_pickaxe":2,"minecraft:iron_sword":1,"minecraft:stone_axe":1,"minecraft:bread":33,"minecraft:stick":36,"minecraft:iron_ingot":13,"minecraft:iron_pickaxe":1,"minecraft:stone_sword":1,"minecraft:torch":48},"minecraft:custom":{"minecraft:interact_with_smithing_table":2,"minecraft:mob_kills":24,"minecraft:interact_with_crafting_table":14,"minecraft:open_barrel":4,"minecraft:leave_game":3,"minecraft:time_since_death":88049,"minecraft:climb_one_cm":8450,"minecraft:sprint_one_cm":280675,"minecraft:walk_one_cm":333265,"minecraft:drop":50,"minecraft:play_time":107373,"minecraft:deaths":2,"minecraft:walk_under_water_one_cm":158,"minecraft:sneak_time":635,"minecraft:jump":1969,"minecraft:walk_on_water_one_cm":6545,"minecraft:total_world_time":107373,"minecraft:interact_with_furnace":26,"minecraft:sleep_in_bed":3,"minecraft:time_since_rest":55019,"minecraft:damage_taken":1586,"minecraft:damage_dealt":4907,"minecraft:swim_one_cm":5350,"minecraft:fly_one_cm":443083,"minecraft:open_chest":49,"minecraft:crouch_one_cm":1847,"tombstone:undead_killed":8,"minecraft:fall_one_cm":53588},"minecraft:killed":{"minecraft:spider":4,"minecraft:horse":4,"minecraft:pig":1,"cobblemon:pokemon":3,"minecraft:donkey":2,"minecraft:zombie":8,"minecraft:cow":2},"minecraft:mined":{"minecraft:mossy_cobblestone":5,"minecraft:cobblestone_stairs":1,"cobblemon:moon_stone_ore":2,"cobblemon:big_root":7,"minecraft:glow_lichen":2,"minecraft:spruce_leaves":1,"minecraft:moss_block":1,"minecraft:spawner":2,"minecraft:hay_block":11,"minecraft:mossy_cobblestone_slab":1,"minecraft:iron_ore":22,"valhelsia_structures:cracked_big_glazed_jar":1,"minecraft:pointed_dripstone":1,"minecraft:cobblestone_slab":1,"minecraft:dirt_path":3,"minecraft:azalea_leaves":1,"minecraft:white_tulip":1,"minecraft:stone":60,"valhelsia_structures:unlit_lantern":1,"terraqueous:doodad_stone":27,"valhelsia_structures:cracked_big_glazed_jar_top":1,"minecraft:crafting_table":2,"minecraft:torch":7,"minecraft:emerald_ore":1,"minecraft:tall_grass":1,"cobblemon:energy_root":2,"minecraft:copper_ore":11,"minecraft:cobblestone":3,"minecraft:wall_torch":1,"minecraft:white_terracotta":1,"valhelsia_structures:bone_pile":8,"minecraft:spruce_log":8,"minecraft:grass":8,"minecraft:coal_ore":56,"valhelsia_structures:cracked_glazed_jar":1,"minecraft:dripstone_block":1,"minecraft:dirt":1,"minecraft:polished_andesite":9},"minecraft:used":{"minecraft:stone_sword":17,"minecraft:iron_sword":103,"minecraft:iron_chestplate":1,"minecraft:torch":50,"minecraft:iron_helmet":1,"minecraft:iron_boots":1,"minecraft:item_frame":1,"minecraft:furnace":2,"tombstone:gift":2,"minecraft:iron_leggings":1,"minecraft:water_bucket":2,"minecraft:stone_pickaxe":157,"minecraft:wooden_pickaxe":6,"minecraft:mossy_cobblestone":3,"minecraft:crafting_table":3,"minecraft:bread":30,"minecraft:iron_pickaxe":57,"minecraft:spruce_sapling":1,"minecraft:stone_axe":15,"minecraft:cobblestone":11,"minecraft:bucket":3}},"DataVersion":3465}