{"stats":{"minecraft:killed_by":{"minecraft:player":3},"minecraft:dropped":{"healing:super_health_elixir":28,"minecraft:lava_bucket":1,"irons_spellbooks:scroll":3,"minecraft:netherite_helmet":1,"minecraft:chicken":1,"minecraft:recovery_compass":2,"minecraft:stick":1},"minecraft:picked_up":{"irons_spellbooks:scroll":3,"minecraft:stick":1,"minecraft:feather":2,"minecraft:chicken":1,"minecraft:torch":1,"healing:super_health_elixir":79,"minecraft:recovery_compass":1,"irons_spellbooks:blood_staff":1,"paraglider:heart_container":44,"minecraft:lily_of_the_valley":1,"minecraft:dirt":17,"irons_spellbooks:cultist_leggings":1,"irons_spellbooks:cultist_boots":1,"minecraft:wheat_seeds":10,"simplyswords:emberblade":1,"minecraft:enchanted_golden_apple":64,"tombstone:magic_scroll":1,"irons_spellbooks:cultist_helmet":1,"healing:bandage":16,"mca:scythe":1,"irons_spellbooks:cultist_chestplate":1,"minecraft:egg":1},"minecraft:custom":{"minecraft:time_since_rest":39652,"minecraft:damage_absorbed":2499,"minecraft:sprint_one_cm":155194,"minecraft:damage_taken":3381,"minecraft:walk_one_cm":250442,"minecraft:damage_blocked_by_shield":150,"minecraft:mob_kills":42,"minecraft:drop":10,"minecraft:damage_dealt":7711,"minecraft:swim_one_cm":3449,"minecraft:fly_one_cm":200702,"minecraft:crouch_one_cm":2254,"minecraft:play_time":92151,"tombstone:undead_killed":23,"minecraft:deaths":3,"minecraft:sneak_time":973,"minecraft:walk_under_water_one_cm":2097,"minecraft:aviate_one_cm":507,"minecraft:jump":868,"minecraft:leave_game":2,"minecraft:time_since_death":39816,"minecraft:walk_on_water_one_cm":5701,"minecraft:total_world_time":92151,"minecraft:climb_one_cm":751,"minecraft:damage_resisted":931,"minecraft:fall_one_cm":14603},"minecraft:killed":{"minecraft:skeleton":11,"minecraft:zombie":11,"cobblemon:pokemon":10,"mca:grim_reaper":1,"minecraft:dolphin":3,"minecraft:cow":2},"minecraft:mined":{"minecraft:lily_of_the_valley":2,"minecraft:fire":3,"cobblemon:apricorn_leaves":1,"minecraft:grass":30,"minecraft:grass_block":1,"minecraft:tall_grass":18,"minecraft:oak_leaves":14},"minecraft:used":{"minecraft:trident":11,"terraqueous:multitool":2,"minecraft:netherite_chestplate":1,"minecraft:netherite_axe":4,"tombstone:magic_scroll":1,"minecraft:shield":1,"jet_and_elias_armors:samurai_set_helmet":1,"simplyswords:emberblade":4,"minecraft:netherite_boots":1,"minecraft:torch":47,"minecraft:dirt":17,"minecraft:netherite_leggings":1,"tombstone:gift":2,"minecraft:netherite_helmet":1,"minecraft:netherite_sword":141,"mca:scythe":20,"minecraft:enchanted_golden_apple":17}},"DataVersion":3465}