{"stats":{"minecraft:killed_by":{"irons_spellbooks:necromancer":1,"minecraft:spider":1},"minecraft:dropped":{"minecraft:water_bucket":1,"minecraft:stone_axe":1,"minecraft:moss_block":1,"minecraft:stone_sword":1,"minecraft:crafting_table":2,"minecraft:prismarine_shard":1,"minecraft:rotten_flesh":1,"minecraft:cobblestone":21,"minecraft:leather":9,"minecraft:name_tag":1,"minecraft:saddle":1,"terraqueous:gravel_lump":1,"paraglider:spirit_orb":2,"minecraft:stick":36,"minecraft:cobblestone_stairs":1,"terraqueous:ender_dust":1,"minecraft:dirt":7,"minecraft:cobblestone_slab":1,"minecraft:mossy_cobblestone_slab":1,"tombstone:grave_dust":1,"mca:rose_gold_dust":3,"terraqueous:emerald_dust":2,"minecraft:flowering_azalea":1,"minecraft:stone_pickaxe":5,"minecraft:wooden_pickaxe":1,"minecraft:iron_pickaxe":1,"minecraft:bucket":1,"terraqueous:amethyst_dust":2},"minecraft:picked_up":{"minecraft:crafting_table":3,"minecraft:mossy_cobblestone_slab":1,"minecraft:wheat":8,"minecraft:prismarine_shard":1,"minecraft:water_bucket":1,"cobblemon:red_apricorn":7,"paraglider:spirit_orb":2,"minecraft:cobblestone_stairs":1,"minecraft:dirt":7,"minecraft:raw_copper":22,"minecraft:bone":5,"terraqueous:coal_dust":1,"minecraft:spruce_planks":6,"minecraft:iron_ingot":7,"minecraft:white_tulip":3,"minecraft:stone_pickaxe":4,"minecraft:cobblestone_slab":1,"minecraft:iron_pickaxe":1,"cobblemon:moon_stone":2,"cobblemon:big_root":3,"minecraft:glowstone_dust":1,"minecraft:moss_block":1,"terraqueous:gold_dust":1,"minecraft:flowering_azalea":1,"cobblemon:red_apricorn_seed":1,"minecraft:stick":37,"minecraft:raw_iron":22,"minecraft:copper_ingot":22,"terraqueous:ender_dust":1,"minecraft:torch":4,"terraqueous:amethyst_dust":5,"minecraft:spruce_sapling":1,"tombstone:grave_dust":1,"minecraft:spruce_log":8,"minecraft:redstone":2,"minecraft:bundle":1,"mca:rose_gold_dust":3,"minecraft:spider_eye":1,"minecraft:mossy_cobblestone":4,"minecraft:stone_sword":1,"terraqueous:emerald_dust":3,"minecraft:stone_axe":1,"terraqueous:copper_dust":2,"minecraft:hay_block":11,"terraqueous:gravel_lump":2,"minecraft:emerald":1,"valhelsia_structures:unlit_lantern":1,"minecraft:coal":67,"minecraft:cobblestone":61},"minecraft:crafted":{"minecraft:crafting_table":2,"minecraft:spruce_planks":32,"minecraft:wooden_pickaxe":2,"minecraft:iron_sword":1,"minecraft:furnace":2,"minecraft:stone_axe":1,"minecraft:bread":33,"minecraft:iron_axe":1,"minecraft:stick":36,"minecraft:iron_ingot":13,"minecraft:stone_pickaxe":2,"minecraft:iron_pickaxe":1,"minecraft:stone_sword":1,"minecraft:torch":48,"minecraft:wheat":91},"minecraft:custom":{"minecraft:interact_with_furnace":26,"minecraft:mob_kills":23,"minecraft:interact_with_crafting_table":14,"minecraft:open_barrel":4,"minecraft:leave_game":2,"minecraft:time_since_death":73028,"minecraft:climb_one_cm":7070,"minecraft:sleep_in_bed":3,"minecraft:time_since_rest":39998,"minecraft:sprint_one_cm":210955,"minecraft:damage_taken":1393,"minecraft:walk_one_cm":281585,"minecraft:drop":42,"minecraft:damage_dealt":4646,"minecraft:fly_one_cm":317871,"minecraft:open_chest":45,"minecraft:play_time":92352,"minecraft:crouch_one_cm":1847,"tombstone:undead_killed":7,"minecraft:deaths":2,"minecraft:sneak_time":587,"minecraft:jump":1510,"minecraft:walk_on_water_one_cm":2606,"minecraft:total_world_time":92352,"minecraft:fall_one_cm":41412},"minecraft:killed":{"minecraft:pig":1,"cobblemon:pokemon":3,"minecraft:spider":4,"minecraft:horse":4,"minecraft:donkey":2,"minecraft:zombie":7,"minecraft:cow":2},"minecraft:mined":{"valhelsia_structures:unlit_lantern":1,"terraqueous:doodad_stone":19,"minecraft:mossy_cobblestone":5,"minecraft:cobblestone_stairs":1,"valhelsia_structures:cracked_big_glazed_jar_top":1,"cobblemon:moon_stone_ore":2,"cobblemon:big_root":3,"minecraft:glow_lichen":2,"minecraft:crafting_table":2,"minecraft:torch":2,"minecraft:emerald_ore":1,"minecraft:copper_ore":11,"minecraft:tall_grass":1,"minecraft:cobblestone":3,"minecraft:spruce_leaves":1,"minecraft:moss_block":1,"minecraft:wall_torch":1,"minecraft:spawner":2,"minecraft:hay_block":11,"valhelsia_structures:bone_pile":8,"minecraft:mossy_cobblestone_slab":1,"minecraft:iron_ore":22,"valhelsia_structures:cracked_big_glazed_jar":1,"minecraft:spruce_log":8,"minecraft:grass":8,"valhelsia_structures:cracked_glazed_jar":1,"minecraft:pointed_dripstone":1,"minecraft:coal_ore":56,"minecraft:cobblestone_slab":1,"minecraft:dirt_path":3,"minecraft:dripstone_block":1,"minecraft:dirt":1,"minecraft:azalea_leaves":1,"minecraft:stone":59,"minecraft:polished_andesite":9,"minecraft:white_tulip":1},"minecraft:used":{"minecraft:water_bucket":2,"minecraft:stone_sword":17,"minecraft:stone_pickaxe":157,"minecraft:wooden_pickaxe":6,"minecraft:iron_sword":98,"minecraft:iron_chestplate":1,"minecraft:torch":45,"minecraft:mossy_cobblestone":3,"minecraft:crafting_table":3,"minecraft:bread":23,"minecraft:iron_pickaxe":42,"minecraft:iron_helmet":1,"minecraft:iron_boots":1,"minecraft:spruce_sapling":1,"minecraft:stone_axe":15,"minecraft:cobblestone":11,"minecraft:furnace":2,"minecraft:bucket":3,"tombstone:gift":2,"minecraft:iron_leggings":1}},"DataVersion":3465}