{"stats":{"minecraft:dropped":{"minecraft:water_bucket":1,"minecraft:moss_block":1,"minecraft:crafting_table":2,"minecraft:prismarine_shard":1,"minecraft:cobblestone":21,"minecraft:leather":9,"minecraft:saddle":1,"terraqueous:gravel_lump":1,"magistuarmory:rustedgreathelm":1,"paraglider:spirit_orb":2,"minecraft:stick":42,"minecraft:cobblestone_stairs":1,"terraqueous:ender_dust":1,"minecraft:dirt":7,"minecraft:mossy_cobblestone_slab":1,"minecraft:cornflower":2,"tombstone:grave_dust":1,"minecraft:flowering_azalea":1,"minecraft:sand":16,"minecraft:iron_axe":2,"minecraft:iron_pickaxe":1,"minecraft:bucket":1,"terraqueous:amethyst_dust":2,"minecraft:gold_ingot":2,"minecraft:pink_tulip":4,"minecraft:stone_axe":1,"minecraft:stone_sword":1,"minecraft:music_disc_otherside":1,"minecraft:wheat":1,"minecraft:rotten_flesh":1,"minecraft:name_tag":1,"minecraft:azure_bluet":2,"minecraft:cobblestone_slab":1,"mca:rose_gold_dust":3,"terraqueous:emerald_dust":2,"minecraft:wooden_pickaxe":1,"minecraft:stone_pickaxe":5},"minecraft:killed_by":{"cobblemon:pokemon":1,"minecraft:spider":1,"irons_spellbooks:necromancer":1},"minecraft:picked_up":{"minecraft:crafting_table":3,"minecraft:wheat":8,"minecraft:azure_bluet":2,"minecraft:prismarine_shard":1,"cobblemon:red_apricorn":7,"minecraft:enchanted_book":1,"minecraft:cornflower":3,"minecraft:raw_copper":22,"minecraft:iron_axe":2,"minecraft:item_frame":1,"terraqueous:coal_dust":7,"minecraft:spruce_planks":6,"minecraft:white_tulip":3,"minecraft:cobblestone_slab":1,"cobblemon:big_root":7,"minecraft:iron_pickaxe":1,"terraqueous:gold_dust":1,"minecraft:stick":37,"minecraft:raw_iron":22,"minecraft:copper_ingot":22,"terraqueous:ender_dust":3,"minecraft:torch":9,"terraqueous:amethyst_dust":5,"tombstone:grave_dust":1,"minecraft:redstone":2,"minecraft:stone_sword":1,"terraqueous:emerald_dust":6,"terraqueous:copper_dust":6,"minecraft:hay_block":11,"minecraft:pink_tulip":4,"terraqueous:gravel_lump":2,"minecraft:gold_ingot":4,"minecraft:cobblestone":62,"minecraft:birch_log":2,"minecraft:mossy_cobblestone_slab":1,"minecraft:water_bucket":1,"paraglider:spirit_orb":2,"minecraft:yellow_bed":2,"minecraft:cobblestone_stairs":1,"minecraft:dirt":7,"tombstone:gift":1,"minecraft:bone":5,"minecraft:iron_ingot":7,"minecraft:stone_pickaxe":4,"minecraft:glowstone_dust":3,"cobblemon:moon_stone":2,"minecraft:moss_block":1,"minecraft:iron_sword":1,"minecraft:flowering_azalea":1,"cobblemon:red_apricorn_seed":1,"cobblemon:cheri_berry":29,"minecraft:sand":16,"minecraft:spruce_sapling":1,"minecraft:spruce_log":8,"mca:rose_gold_dust":4,"minecraft:spider_eye":1,"minecraft:mossy_cobblestone":4,"minecraft:bundle":1,"minecraft:stone_axe":1,"minecraft:emerald":1,"terraqueous:diamond_dust":5,"minecraft:coal":67,"valhelsia_structures:unlit_lantern":1,"cobblemon:energy_root":2},"minecraft:custom":{"minecraft:interact_with_smithing_table":2,"minecraft:mob_kills":24,"minecraft:interact_with_crafting_table":15,"minecraft:open_barrel":4,"minecraft:leave_game":4,"minecraft:time_since_death":7120,"minecraft:climb_one_cm":10112,"minecraft:sprint_one_cm":345715,"minecraft:walk_one_cm":385422,"minecraft:drop":57,"minecraft:play_time":118915,"minecraft:deaths":3,"minecraft:sneak_time":643,"minecraft:walk_under_water_one_cm":5821,"minecraft:jump":2219,"minecraft:walk_on_water_one_cm":13636,"minecraft:total_world_time":118915,"minecraft:interact_with_furnace":26,"minecraft:sleep_in_bed":4,"minecraft:time_since_rest":5336,"minecraft:waystone_activated":1,"minecraft:damage_taken":2005,"minecraft:damage_dealt":4922,"minecraft:swim_one_cm":10678,"minecraft:fly_one_cm":520960,"minecraft:open_chest":56,"minecraft:crouch_one_cm":1847,"tombstone:undead_killed":8,"minecraft:fall_one_cm":58622},"minecraft:mined":{"minecraft:mossy_cobblestone":5,"minecraft:dark_oak_leaves":2,"minecraft:cobblestone_stairs":1,"cobblemon:moon_stone_ore":2,"cobblemon:big_root":7,"minecraft:glow_lichen":2,"minecraft:spruce_leaves":1,"minecraft:moss_block":1,"minecraft:spawner":2,"minecraft:hay_block":11,"minecraft:mossy_cobblestone_slab":1,"terraqueous:doodad_redsandstone":1,"minecraft:iron_ore":22,"valhelsia_structures:cracked_big_glazed_jar":1,"minecraft:pointed_dripstone":1,"minecraft:cobblestone_slab":1,"minecraft:dirt_path":3,"minecraft:azalea_leaves":1,"minecraft:white_tulip":1,"minecraft:stone":60,"valhelsia_structures:unlit_lantern":1,"terraqueous:doodad_stone":33,"valhelsia_structures:cracked_big_glazed_jar_top":1,"minecraft:crafting_table":2,"minecraft:torch":7,"minecraft:emerald_ore":1,"cobblemon:energy_root":2,"minecraft:tall_grass":1,"minecraft:copper_ore":11,"minecraft:cobblestone":3,"minecraft:wall_torch":1,"minecraft:white_terracotta":1,"valhelsia_structures:bone_pile":8,"minecraft:birch_log":2,"minecraft:spruce_log":8,"minecraft:yellow_bed":2,"minecraft:grass":8,"minecraft:coal_ore":56,"valhelsia_structures:cracked_glazed_jar":1,"minecraft:dripstone_block":1,"minecraft:sand":16,"minecraft:dirt":1,"minecraft:polished_andesite":9},"minecraft:crafted":{"minecraft:furnace":2,"minecraft:iron_axe":1,"minecraft:stone_pickaxe":2,"minecraft:wheat":91,"minecraft:crafting_table":3,"minecraft:spruce_planks":32,"minecraft:wooden_pickaxe":2,"minecraft:iron_sword":1,"minecraft:birch_planks":8,"minecraft:stone_axe":1,"minecraft:bread":33,"minecraft:stick":44,"minecraft:iron_ingot":13,"minecraft:iron_pickaxe":1,"minecraft:stone_sword":1,"minecraft:iron_shovel":1,"minecraft:torch":48},"minecraft:used":{"minecraft:stone_sword":17,"minecraft:iron_shovel":13,"minecraft:iron_sword":104,"minecraft:iron_chestplate":1,"minecraft:torch":50,"minecraft:iron_axe":2,"minecraft:iron_helmet":1,"minecraft:iron_boots":1,"minecraft:item_frame":1,"minecraft:furnace":2,"tombstone:gift":3,"minecraft:iron_leggings":1,"minecraft:water_bucket":2,"minecraft:stone_pickaxe":157,"minecraft:wooden_pickaxe":6,"minecraft:mossy_cobblestone":3,"minecraft:crafting_table":4,"minecraft:bread":35,"minecraft:iron_pickaxe":65,"minecraft:spruce_sapling":1,"minecraft:stone_axe":15,"minecraft:cobblestone":11,"minecraft:bucket":3,"minecraft:yellow_bed":2},"minecraft:killed":{"minecraft:spider":4,"minecraft:horse":4,"minecraft:pig":1,"cobblemon:pokemon":3,"minecraft:donkey":2,"minecraft:zombie":8,"minecraft:cow":2}},"DataVersion":3465}